{
  "weights": {
    "vader_compound": 0.2466148892270125,
    "emotion_strength": 0.28898369176794547,
    "word_diversity": -0.12658744472121636,
    "review_length": 0.08134513306186833,
    "pos_keyword_count": 0.16914702318655472,
    "neg_keyword_count": -0.08732181803540265
  },
  "metrics": {
    "r2": 0.41994401089990174,
    "mae": 7.882885322499755,
    "mse": 139.92759404942632
  },
  "note": "trust_score는 정답 라벨이 없는 자체 정의 지표입니다. 위 metrics는 텍스트로부터 이 지표를 재현하는 성능을 의미하며, 실제 리뷰의 신뢰도(진위)를 검증하는 정확도가 아닙니다."
}